Workbook

Sheet Polos
A1: ID_Polo | B1: Nome_Polo | C1: Cidade_Sede | D1: UF_Sede
A2: SP | B2: Polo São Paulo | C2: São Paulo | D2: SP
A3: RS | B3: Polo Rio Grande do Sul | C3: Porto Alegre | D3: RS
A5: Cidade_Sede é uma premissa (a empresa não informou a cidade de cada polo). Altere aqui e ajuste as distâncias se necessário.

Sheet Parametros
A1: Parâmetros para o cálculo de combustível
A3: Parâmetro | B3: Valor | C3: Unidade | D3: Observação
A4: Preço da gasolina comum | B4: 6.6 | C4: R$/litro | D4: Média nacional ANP, semana de referência 24/07/2026 (R$ 6,597/L, 8.918 postos). Atualize para o valor mais recente antes da análise final.
A5: Consumo médio do veículo | B5: 8 | C5: km/litro | D5: Premissa genérica. Ajuste conforme o veículo que você quiser considerar (carga pesada consome mais).
A7: Como usar
A8: Células com fonte azul e fundo amarelo são parâmetros editáveis. Fonte azul sem fundo são dados digitados (inputs).
A9: O cálculo do custo de combustível fica por sua conta: distância (km) ÷ consumo (km/L) × preço (R$/L).
A10: Decida se vai considerar só a ida ou ida e volta (multiplicar a distância por 2) e documente no projeto.
A11: Distâncias são rodoviárias aproximadas, entre a cidade-sede do polo e a cidade de destino. Foram estimadas sem consulta a um mapa em tempo real: valide no Google Maps (ou outra fonte) e substitua, pois podem variar cerca de 5 a 10%.
A12: Entrega dentro da própria cidade do polo foi fixada em 20 km (premissa), para não gerar custo zero.
A13: Uma regra de preço único simplifica a análise. Na prática o preço varia por estado (ex.: em jul/2026 a média da ANP era R$ 6,43 em SP e R$ 6,28 no RS).
A14: Veículos de carga costumam usar diesel. A gasolina foi mantida porque foi o combustível pedido para o projeto.

Sheet Distancias_Cidades
A1: ID_Polo | B1: Cidade_Origem | C1: UF_Destino | D1: Estado_Destino | E1: Cidade_Destino | F1: Distancia_km
A2: SP | B2: São Paulo | C2: SP | D2: São Paulo | E2: São Paulo | F2: 20
A3: SP | B3: São Paulo | C3: SP | D3: São Paulo | E3: Campinas | F3: 95
A4: SP | B4: São Paulo | C4: SP | D4: São Paulo | E4: Ribeirão Preto | F4: 315
A5: SP | B5: São Paulo | C5: SP | D5: São Paulo | E5: Santos | F5: 72
A6: SP | B6: São Paulo | C6: SP | D6: São Paulo | E6: Sorocaba | F6: 100
A7: SP | B7: São Paulo | C7: SP | D7: São Paulo | E7: São José dos Campos | F7: 95
A8: SP | B8: São Paulo | C8: RJ | D8: Rio de Janeiro | E8: Rio de Janeiro | F8: 435
A9: SP | B9: São Paulo | C9: RJ | D9: Rio de Janeiro | E9: Niterói | F9: 450
A10: SP | B10: São Paulo | C10: RJ | D10: Rio de Janeiro | E10: Volta Redonda | F10: 290
A11: SP | B11: São Paulo | C11: RJ | D11: Rio de Janeiro | E11: Campos dos Goytacazes | F11: 730
A12: SP | B12: São Paulo | C12: MG | D12: Minas Gerais | E12: Belo Horizonte | F12: 586
A13: SP | B13: São Paulo | C13: MG | D13: Minas Gerais | E13: Uberlândia | F13: 585
... A77: RS | B77: Porto Alegre | C77: CE | D77: Ceará | E77: Sobral | F77: 4400

Sheet Distancias_Estados
A1: ID_Polo | B1: Cidade_Origem | C1: UF_Destino | D1: Estado_Destino | E1: Qtd_Cidades | F1: Distancia_Media_km
A2: SP | B2: São Paulo | C2: SP | D2: São Paulo | E2: =COUNTIFS(Distancias_Cidades!$A$2:$A$77,$A2,Distancias_Cidades!$C$2:$C$77,$C2) -> 6 | F2: =AVERAGEIFS(Distancias_Cidades!$F$2:$F$77,Distancias_Cidades!$A$2:$A$77,$A2,Distancias_Cidades!$C$2:$C$77,$C2) -> 116.16667
A3: SP | B3: São Paulo | C3: RJ | D3: Rio de Janeiro | E3: =COUNTIFS(Distancias_Cidades!$A$2:$A$77,$A3,Distancias_Cidades!$C$2:$C$77,$C3) -> 4 | F3: =AVERAGEIFS(Distancias_Cidades!$F$2:$F$77,Distancias_Cidades!$A$2:$A$77,$A3,Distancias_Cidades!$C$2:$C$77,$C3) -> 476.25
A4: SP | B4: São Paulo | C4: MG | D4: Minas Gerais | E4: =COUNTIFS(Distancias_Cidades!$A$2:$A$77,$A4,Distancias_Cidades!$C$2:$C$77,$C4) -> 4 | F4: =AVERAGEIFS(Distancias_Cidades!$F$2:$F$77,Distancias_Cidades!$A$2:$A$77,$A4,Distancias_Cidades!$C$2:$C$77,$C4) -> 565.25
A5: SP | B5: São Paulo | C5: PR | D5: Paraná | E5: =COUNTIFS(Distancias_Cidades!$A$2:$A$77,$A5,Distancias_Cidades!$C$2:$C$77,$C5) -> 4 | F5: =AVERAGEIFS(Distancias_Cidades!$F$2:$F$77,Distancias_Cidades!$A$2:$A$77,$A5,Distancias_Cidades!$C$2:$C$77,$C5) -> 620.75
A6: SP | B6: São Paulo | C6: SC | D6: Santa Catarina | E6: =COUNTIFS(Distancias_Cidades!$A$2:$A$77,$A6,Distancias_Cidades!$C$2:$C$77,$C6) -> 4 | F6: =AVERAGEIFS(Distancias_Cidades!$F$2:$F$77,Distancias_Cidades!$A$2:$A$77,$A6,Distancias_Cidades!$C$2:$C$77,$C6) -> 748.75
A7: SP | B7: São Paulo | C7: RS | D7: Rio Grande do Sul | E7: =COUNTIFS(Distancias_Cidades!$A$2:$A$77,$A7,Distancias_Cidades!$C$2:$C$77,$C7) -> 4 | F7: =AVERAGEIFS(Distancias_Cidades!$F$2:$F$77,Distancias_Cidades!$A$2:$A$77,$A7,Distancias_Cidades!$C$2:$C$77,$C7) -> 1225
A8: SP | B8: São Paulo | C8: BA | D8: Bahia | E8: =COUNTIFS(Distancias_Cidades!$A$2:$A$77,$A8,Distancias_Cidades!$C$2:$C$77,$C8) -> 3 | F8: =AVERAGEIFS(Distancias_Cidades!$F$2:$F$77,Distancias_Cidades!$A$2:$A$77,$A8,Distancias_Cidades!$C$2:$C$77,$C8) -> 1773.3333
A9: SP | B9: São Paulo | C9: GO | D9: Goiás | E9: =COUNTIFS(Distancias_Cidades!$A$2:$A$77,$A9,Distancias_Cidades!$C$2:$C$77,$C9) -> 3 | F9: =AVERAGEIFS(Distancias_Cidades!$F$2:$F$77,Distancias_Cidades!$A$2:$A$77,$A9,Distancias_Cidades!$C$2:$C$77,$C9) -> 930
A10: SP | B10: São Paulo | C10: PE | D10: Pernambuco | E10: =COUNTIFS(Distancias_Cidades!$A$2:$A$77,$A10,Distancias_Cidades!$C$2:$C$77,$C10) -> 3 | F10: =AVERAGEIFS(Distancias_Cidades!$F$2:$F$77,Distancias_Cidades!$A$2:$A$77,$A10,Distancias_Cidades!$C$2:$C$77,$C10) -> 2463.3333
A11: SP | B11: São Paulo | C11: CE | D11: Ceará | E11: =COUNTIFS(Distancias_Cidades!$A$2:$A$77,$A11,Distancias_Cidades!$C$2:$C$77,$C11) -> 3 | F11: =AVERAGEIFS(Distancias_Cidades!$F$2:$F$77,Distancias_Cidades!$A$2:$A$77,$A11,Distancias_Cidades!$C$2:$C$77,$C11) -> 3073.3333
A12: RS | B12: Porto Alegre | C12: SP | D12: São Paulo | E12: =COUNTIFS(Distancias_Cidades!$A$2:$A$77,$A12,Distancias_Cidades!$C$2:$C$77,$C12) -> 6 | F12: =AVERAGEIFS(Distancias_Cidades!$F$2:$F$77,Distancias_Cidades!$A$2:$A$77,$A12,Distancias_Cidades!$C$2:$C$77,$C12) -> 1193.3333
A13: RS | B13: Porto Alegre | C13: RJ | D13: Rio de Janeiro | E13: =COUNTIFS(Distancias_Cidades!$A$2:$A$77,$A13,Distancias_Cidades!$C$2:$C$77,$C13) -> 4 | F13: =AVERAGEIFS(Distancias_Cidades!$F$2:$F$77,Distancias_Cidades!$A$2:$A$77,$A13,Distancias_Cidades!$C$2:$C$77,$C13) -> 1587.5
... A21: RS | B21: Porto Alegre | C21: CE | D21: Ceará | E21: =COUNTIFS(Distancias_Cidades!$A$2:$A$77,$A21,Distancias_Cidades!$C$2:$C$77,$C21) -> 3 | F21: =AVERAGEIFS(Distancias_Cidades!$F$2:$F$77,Distancias_Cidades!$A$2:$A$77,$A21,Distancias_Cidades!$C$2:$C$77,$C21) -> 4170
A23: Distancia_Media_km é a média simples das cidades de destino listadas para o estado em Distancias_Cidades (fórmula).
