Workbook

Sheet Parametros
A1: Parâmetros do cálculo de gasolina (iguais aos da planilha de distâncias dos polos atuais)
A3: Parâmetro | B3: Valor | C3: Unidade | D3: Observação
A4: Preço da gasolina comum | B4: 6.6 | C4: R$/litro | D4: Média nacional ANP, semana de referência 24/07/2026 (R$ 6,597/L). Mantenha igual ao da planilha dos polos atuais.
A5: Consumo médio do veículo | B5: 8 | C5: km/litro | D5: Mesma premissa da planilha dos polos atuais.
A6: Voltas (1 = só ida, 2 = ida e volta) | B6: 1 | C6: nº | D6: Multiplica a distância no cálculo do custo. Mantenha igual ao que você usa no pandas.
A8: Premissas
A9: Cada estado candidato (todos os estados da base, exceto SP e RS) recebe como sede a sua capital. É uma premissa: altere a sede se preferir outra cidade e ajuste as distâncias.
A10: Para cada candidato, a aba Distancias_Candidatos traz as cidades do próprio estado e SOMENTE as cidades dos estados vizinhos que existem na base (ES, MS, DF, PI, TO etc. ficam de fora porque não recebem exportações).
A11: Distâncias rodoviárias aproximadas, estimadas sem consulta a um mapa em tempo real. Valide no Google Maps (ou outra fonte) e substitua, pois podem variar cerca de 5 a 10%.
A12: Dentro da própria cidade da sede, a distância foi fixada em 20 km (mesma premissa da planilha dos polos atuais).
A13: O custo considera só combustível (sem pedágio, motorista ou custo de abrir o polo).
A14: Células com fonte azul são dados digitados; as amarelas são parâmetros editáveis; as pretas são fórmulas.

Sheet Distancias_Candidatos
A1: ID_Polo | B1: Cidade_Origem | C1: Relacao | D1: UF_Destino | E1: Estado_Destino | F1: Cidade_Destino | G1: Distancia_km | H1: Litros_Gasolina | I1: Custo_Gasolina
A2: RJ | B2: Rio de Janeiro | C2: Próprio estado | D2: RJ | E2: Rio de Janeiro | F2: Rio de Janeiro | G2: 20 | H2: =G2*Parametros!$B$6/Parametros!$B$5 -> 2.5 | I2: =H2*Parametros!$B$4 -> 16.5
A3: RJ | B3: Rio de Janeiro | C3: Próprio estado | D3: RJ | E3: Rio de Janeiro | F3: Niterói | G3: 15 | H3: =G3*Parametros!$B$6/Parametros!$B$5 -> 1.875 | I3: =H3*Parametros!$B$4 -> 12.375
A4: RJ | B4: Rio de Janeiro | C4: Próprio estado | D4: RJ | E4: Rio de Janeiro | F4: Volta Redonda | G4: 125 | H4: =G4*Parametros!$B$6/Parametros!$B$5 -> 15.625 | I4: =H4*Parametros!$B$4 -> 103.125
A5: RJ | B5: Rio de Janeiro | C5: Próprio estado | D5: RJ | E5: Rio de Janeiro | F5: Campos dos Goytacazes | G5: 280 | H5: =G5*Parametros!$B$6/Parametros!$B$5 -> 35 | I5: =H5*Parametros!$B$4 -> 231
A6: RJ | B6: Rio de Janeiro | C6: Estado vizinho | D6: SP | E6: São Paulo | F6: São Paulo | G6: 435 | H6: =G6*Parametros!$B$6/Parametros!$B$5 -> 54.375 | I6: =H6*Parametros!$B$4 -> 358.875
A7: RJ | B7: Rio de Janeiro | C7: Estado vizinho | D7: SP | E7: São Paulo | F7: Campinas | G7: 490 | H7: =G7*Parametros!$B$6/Parametros!$B$5 -> 61.25 | I7: =H7*Parametros!$B$4 -> 404.25
A8: RJ | B8: Rio de Janeiro | C8: Estado vizinho | D8: SP | E8: São Paulo | F8: Ribeirão Preto | G8: 710 | H8: =G8*Parametros!$B$6/Parametros!$B$5 -> 88.75 | I8: =H8*Parametros!$B$4 -> 585.75
A9: RJ | B9: Rio de Janeiro | C9: Estado vizinho | D9: SP | E9: São Paulo | F9: Santos | G9: 500 | H9: =G9*Parametros!$B$6/Parametros!$B$5 -> 62.5 | I9: =H9*Parametros!$B$4 -> 412.5
A10: RJ | B10: Rio de Janeiro | C10: Estado vizinho | D10: SP | E10: São Paulo | F10: Sorocaba | G10: 520 | H10: =G10*Parametros!$B$6/Parametros!$B$5 -> 65 | I10: =H10*Parametros!$B$4 -> 429
A11: RJ | B11: Rio de Janeiro | C11: Estado vizinho | D11: SP | E11: São Paulo | F11: São José dos Campos | G11: 335 | H11: =G11*Parametros!$B$6/Parametros!$B$5 -> 41.875 | I11: =H11*Parametros!$B$4 -> 276.375
A12: RJ | B12: Rio de Janeiro | C12: Estado vizinho | D12: MG | E12: Minas Gerais | F12: Belo Horizonte | G12: 440 | H12: =G12*Parametros!$B$6/Parametros!$B$5 -> 55 | I12: =H12*Parametros!$B$4 -> 363
A13: RJ | B13: Rio de Janeiro | C13: Estado vizinho | D13: MG | E13: Minas Gerais | F13: Uberlândia | G13: 960 | H13: =G13*Parametros!$B$6/Parametros!$B$5 -> 120 | I13: =H13*Parametros!$B$4 -> 792
... A99: CE | B99: Fortaleza | C99: Estado vizinho | D99: PE | E99: Pernambuco | F99: Petrolina | G99: 860 | H99: =G99*Parametros!$B$6/Parametros!$B$5 -> 107.5 | I99: =H99*Parametros!$B$4 -> 709.5

Sheet Vizinhanca
A1: ID_Polo | B1: Estado_Candidato | C1: Cidade_Sede | D1: Estados_Vizinhos_Considerados
A2: RJ | B2: Rio de Janeiro | C2: Rio de Janeiro | D2: SP (São Paulo), MG (Minas Gerais)
A3: MG | B3: Minas Gerais | C3: Belo Horizonte | D3: SP (São Paulo), RJ (Rio de Janeiro), GO (Goiás), BA (Bahia)
A4: PR | B4: Paraná | C4: Curitiba | D4: SP (São Paulo), SC (Santa Catarina)
A5: SC | B5: Santa Catarina | C5: Florianópolis | D5: PR (Paraná), RS (Rio Grande do Sul)
A6: BA | B6: Bahia | C6: Salvador | D6: MG (Minas Gerais), GO (Goiás), PE (Pernambuco)
A7: GO | B7: Goiás | C7: Goiânia | D7: MG (Minas Gerais), BA (Bahia)
A8: PE | B8: Pernambuco | C8: Recife | D8: BA (Bahia), CE (Ceará)
A9: CE | B9: Ceará | C9: Fortaleza | D9: PE (Pernambuco)
A11: Só entram vizinhos que existem na base de exportações. Fronteiras com estados sem exportações (ES, MS, DF, PI, TO, MT, PB, AL, SE, RN) foram ignoradas.
